id	Term	contributes to genotype
ID		C 'contributes to genotype' some %
SCDO:1000040	HBB, GLU121LYS	Hemoglobin Genotype A/S-Oman
SCDO:1000039	HBB, GLU6VAL	Hemoglobin Genotype A/S-Oman
SCDO:1000042	HBB, GLU26LYS	Hemoglobin Genotype SE
SCDO:1000039	HBB, GLU6VAL	Hemoglobin Genotype SE
SCDO:1000039	HBB, GLU6VAL	Hemoglobin Genotype AS
SCDO:1000039	HBB, GLU6VAL	Hemoglobin Genotype SS
SCDO:1000039	HBB, GLU6VAL	Hemoglobin Genotype S/Lepore Boston
SCDO:1000209	Crossover between delta (HBD) and beta globin (HBB) gene loci	Hemoglobin Genotype S/Lepore Boston
SCDO:1000209	Crossover between delta (HBD) and beta globin (HBB) gene loci	Hemoglobin Lepore Boston Genotype
SCDO:1000039	HBB, GLU6VAL	Hemoglobin Genotype A/Jamaica Plain
SCDO:1000047	HBB, LEU68PHE	Hemoglobin Genotype A/Jamaica Plain
SCDO:1000039	HBB, GLU6VAL	Hemoglobin Genotype C/S Antilles
SCDO:1000045	HBB, VAL23ILE	Hemoglobin Genotype C/S Antilles
SCDO:1000041	HBB, GLU6LYS	Hemoglobin Genotype C/S Antilles
SCDO:1000039	HBB, GLU6VAL	Hemoglobin Genotype S/Beta Thalassemia
SCDO:0007624	Beta Thalassemia Genotype	Hemoglobin Genotype S/Beta Thalassemia
SCDO:1000039	HBB, GLU6VAL	Hemoglobin Genotype S/Beta Minus Thalassaemia
SCDO:0001765	Beta-Minus Thalassemia Mutation	Hemoglobin Genotype S/Beta Minus Thalassaemia
SCDO:1000039	HBB, GLU6VAL	Hemoglobin Genotype S/Beta Zero Thalassaemia
SCDO:0002475	Beta-Zero Thalassemia Mutation	Hemoglobin Genotype S/Beta Zero Thalassaemia
SCDO:1000044	HBB, ASP73ASN	Hemoglobin Genotype S/C-Harlem
SCDO:1000039	HBB, GLU6VAL	Hemoglobin Genotype S/C-Harlem
SCDO:1000039	HBB, GLU6VAL	Hemoglobin Genotype SD
SCDO:1000111	HBB, ASN19LYS	Hemoglobin Genotype SD
SCDO:1000109	HBB, GLU121GLN	Hemoglobin Genotype SD
SCDO:1000115	HBB, GLU121ALA	Hemoglobin Genotype SD
SCDO:1000112	HBB, GLU22GLN	Hemoglobin Genotype SD
SCDO:1000113	HBB, GLU22VAL	Hemoglobin Genotype SD
SCDO:1000110	HBB, GLY16ARG	Hemoglobin Genotype SD
SCDO:1000108	HBB, SER9TYR	Hemoglobin Genotype SD
SCDO:1000114	HBB, THR87LYS	Hemoglobin Genotype SD
SCDO:1000039	HBB, GLU6VAL	Hemoglobin Genotype S/D-Punjab
SCDO:1000109	HBB, GLU121GLN	Hemoglobin Genotype S/D-Punjab
SCDO:1000039	HBB, GLU6VAL	Hemoglobin Genotype S/HPFH
SCDO:1000063	HBB, 106-KB DEL	Hemoglobin Genotype S/HPFH
SCDO:1000039	HBB, GLU6VAL	Hemoglobin Genotype S/O-Arab
SCDO:1000040	HBB, GLU121LYS	Hemoglobin Genotype S/O-Arab
SCDO:1000039	HBB, GLU6VAL	Hemoglobin Genotype S/Quebec-Chori
SCDO:1000046	HBB, THR87ILE	Hemoglobin Genotype S/Quebec-Chori
SCDO:1000087	HBB, LYS132ASN	Hemoglobin Genotype S/S-South End
SCDO:1000039	HBB, GLU6VAL	Hemoglobin Genotype S/S-South End
SCDO:1000039	HBB, GLU6VAL	Hemoglobin Genotype SC
SCDO:1000041	HBB, GLU6LYS	Hemoglobin Genotype SC
SCDO:1000042	HBB, GLU26LYS	Hemoglobin Genotype SE
SCDO:1000039	HBB, GLU6VAL	Hemoglobin Genotype SE
SCDO:1000239	Heterozygous Deletion of HBA1 or HBA2	Alpha Thalassemia Silent Genotype
SCDO:1000238	CYB5R3 Mutation	Hemoglobin Genotype M
SCDO:1000063	HBB, 106-KB DEL	Hereditary Persistence of Fetal Hemoglobin Genotype
SCDO:0006860	HBG1 and/or HBG2 Mutations	Hereditary Persistence of Fetal Hemoglobin Genotype
SCDO:1000041	HBB, GLU6LYS	Hemoglobin Genotype CC
SCDO:1000111	HBB, ASN19LYS	Hemoglobin Genotype DD
SCDO:1000109	HBB, GLU121GLN	Hemoglobin Genotype DD
SCDO:1000115	HBB, GLU121ALA	Hemoglobin Genotype DD
SCDO:1000112	HBB, GLU22GLN	Hemoglobin Genotype DD
SCDO:1000113	HBB, GLU22VAL	Hemoglobin Genotype DD
SCDO:1000110	HBB, GLY16ARG	Hemoglobin Genotype DD
SCDO:1000108	HBB, SER9TYR	Hemoglobin Genotype DD
SCDO:1000114	HBB, THR87LYS	Hemoglobin Genotype DD
SCDO:1000042	HBB, GLU26LYS	Hemoglobin Genotype EE
SCDO:1000040	HBB, GLU121LYS	Hemoglobin Genotype O-Arab
SCDO:1000041	HBB, GLU6LYS	Hemoglobin Genotype AC
SCDO:1000111	HBB, ASN19LYS	Hemoglobin Genotype AD
SCDO:1000109	HBB, GLU121GLN	Hemoglobin Genotype AD
SCDO:1000115	HBB, GLU121ALA	Hemoglobin Genotype AD
SCDO:1000112	HBB, GLU22GLN	Hemoglobin Genotype AD
SCDO:1000113	HBB, GLU22VAL	Hemoglobin Genotype AD
SCDO:1000110	HBB, GLY16ARG	Hemoglobin Genotype AD
SCDO:1000108	HBB, SER9TYR	Hemoglobin Genotype AD
SCDO:1000114	HBB, THR87LYS	Hemoglobin Genotype AD
SCDO:1000042	HBB, GLU26LYS	Hemoglobin Genotype AE
SCDO:1000040	HBB, GLU121LYS	Hemoglobin Genotype AO-Arab
