id	Term	has contributing genetic variation
ID		C 'has contributing genetic variation' some %
SCDO:1000075	Hemoglobin Genotype A/S-Oman	HBB, GLU121LYS
SCDO:1000075	Hemoglobin Genotype A/S-Oman	HBB, GLU6VAL
SCDO:1000052	Hemoglobin Genotype SE	HBB, GLU26LYS
SCDO:1000052	Hemoglobin Genotype SE	HBB, GLU6VAL
SCDO:1000161	Hemoglobin Genotype AS	HBB, GLU6VAL
SCDO:1000053	Hemoglobin Genotype SS	HBB, GLU6VAL
SCDO:1000070	Hemoglobin Genotype S/Lepore Boston	HBB, GLU6VAL
SCDO:1000070	Hemoglobin Genotype S/Lepore Boston	Crossover between delta (HBD) and beta globin (HBB) gene loci
SCDO:1000236	Hemoglobin Lepore Boston Genotype	Crossover between delta (HBD) and beta globin (HBB) gene loci
SCDO:1000071	Hemoglobin Genotype A/Jamaica Plain	HBB, GLU6VAL
SCDO:1000071	Hemoglobin Genotype A/Jamaica Plain	HBB, LEU68PHE
SCDO:1000081	Hemoglobin Genotype C/S Antilles	HBB, GLU6VAL
SCDO:1000081	Hemoglobin Genotype C/S Antilles	HBB, VAL23ILE
SCDO:1000081	Hemoglobin Genotype C/S Antilles	HBB, GLU6LYS
SCDO:1000107	Hemoglobin Genotype S/Beta Thalassemia	HBB, GLU6VAL
SCDO:1000107	Hemoglobin Genotype S/Beta Thalassemia	Beta Thalassemia Genotype
SCDO:1000159	Hemoglobin Genotype S/Beta Minus Thalassaemia	HBB, GLU6VAL
SCDO:1000159	Hemoglobin Genotype S/Beta Minus Thalassaemia	Beta-Minus Thalassemia Mutation
SCDO:1000067	Hemoglobin Genotype S/Beta Zero Thalassaemia	HBB, GLU6VAL
SCDO:1000067	Hemoglobin Genotype S/Beta Zero Thalassaemia	Beta-Zero Thalassemia Mutation
SCDO:1000056	Hemoglobin Genotype S/C-Harlem	HBB, ASP73ASN
SCDO:1000056	Hemoglobin Genotype S/C-Harlem	HBB, GLU6VAL
SCDO:1000054	Hemoglobin Genotype SD	HBB, GLU6VAL
SCDO:1000054	Hemoglobin Genotype SD	HBB, ASN19LYS
SCDO:1000054	Hemoglobin Genotype SD	HBB, GLU121GLN
SCDO:1000054	Hemoglobin Genotype SD	HBB, GLU121ALA
SCDO:1000054	Hemoglobin Genotype SD	HBB, GLU22GLN
SCDO:1000054	Hemoglobin Genotype SD	HBB, GLU22VAL
SCDO:1000054	Hemoglobin Genotype SD	HBB, GLY16ARG
SCDO:1000054	Hemoglobin Genotype SD	HBB, SER9TYR
SCDO:1000054	Hemoglobin Genotype SD	HBB, THR87LYS
SCDO:1000050	Hemoglobin Genotype S/D-Punjab	HBB, GLU6VAL
SCDO:1000050	Hemoglobin Genotype S/D-Punjab	HBB, GLU121GLN
SCDO:1000069	Hemoglobin Genotype S/HPFH	HBB, GLU6VAL
SCDO:1000069	Hemoglobin Genotype S/HPFH	HBB, 106-KB DEL
SCDO:1000069	Hemoglobin Genotype S/HPFH	HBG1 and/or HBG2 Mutations
SCDO:1000051	Hemoglobin Genotype S/O-Arab	HBB, GLU6VAL
SCDO:1000051	Hemoglobin Genotype S/O-Arab	HBB, GLU121LYS
SCDO:1000084	Hemoglobin Genotype S/Quebec-Chori	HBB, GLU6VAL
SCDO:1000084	Hemoglobin Genotype S/Quebec-Chori	HBB, THR87ILE
SCDO:1000088	Hemoglobin Genotype S/S-South End	HBB, LYS132ASN
SCDO:1000088	Hemoglobin Genotype S/S-South End	HBB, GLU6VAL
SCDO:1000049	Hemoglobin Genotype SC	HBB, GLU6VAL
SCDO:1000049	Hemoglobin Genotype SC	HBB, GLU6LYS
SCDO:1000221	Alpha Thalassemia Silent Genotype	Heterozygous Deletion of HBA1 or HBA2
SCDO:1000233	Hemoglobin Genotype M	CYB5R3 Mutation
SCDO:1000235	Hereditary Persistence of Fetal Hemoglobin Genotype	HBB, 106-KB DEL
SCDO:1000235	Hereditary Persistence of Fetal Hemoglobin Genotype	HBG1 and/or HBG2 Mutations
SCDO:1000232	Hemoglobin Genotype CC	HBB, GLU6LYS
SCDO:1000230	Hemoglobin Genotype DD	HBB, ASN19LYS
SCDO:1000230	Hemoglobin Genotype DD	HBB, GLU121GLN
SCDO:1000230	Hemoglobin Genotype DD	HBB, GLU121ALA
SCDO:1000230	Hemoglobin Genotype DD	HBB, GLU22GLN
SCDO:1000230	Hemoglobin Genotype DD	HBB, GLU22VAL
SCDO:1000230	Hemoglobin Genotype DD	HBB, GLY16ARG
SCDO:1000230	Hemoglobin Genotype DD	HBB, SER9TYR
SCDO:1000230	Hemoglobin Genotype DD	HBB, THR87LYS
SCDO:1000229	Hemoglobin Genotype EE	HBB, GLU26LYS
SCDO:1000231	Hemoglobin Genotype O-Arab	HBB, GLU121LYS
SCDO:1000225	Hemoglobin Genotype AC	HBB, GLU6LYS
SCDO:1000226	Hemoglobin Genotype AD	HBB, ASN19LYS
SCDO:1000226	Hemoglobin Genotype AD	HBB, GLU121GLN
SCDO:1000226	Hemoglobin Genotype AD	HBB, GLU121ALA
SCDO:1000226	Hemoglobin Genotype AD	HBB, GLU22GLN
SCDO:1000226	Hemoglobin Genotype AD	HBB, GLU22VAL
SCDO:1000226	Hemoglobin Genotype AD	HBB, GLY16ARG
SCDO:1000226	Hemoglobin Genotype AD	HBB, SER9TYR
SCDO:1000226	Hemoglobin Genotype AD	HBB, THR87LYS
SCDO:1000227	Hemoglobin Genotype AE	HBB, GLU26LYS
SCDO:1000228	Hemoglobin Genotype AO-Arab	HBB, GLU121LYS
